{"cameraMode":{"drawMode":2,"name":"Shaded Wireframe","section":"Shading Mode"},"sceneLighting":true,"audioPlay":false,"sceneViewState":{"showFog":true,"showMaterialUpdate":false,"showSkybox":true,"showFlares":true,"showImageEffects":true,"showParticleSystems":true},"in2DMode":false,"pivot":{"x":58.70182418823242,"y":54.615997314453128,"z":27.060224533081056},"rotation":{"x":0.2120572328567505,"y":-0.7855712175369263,"z":0.3751230835914612,"w":0.4440782070159912},"size":88.63822937011719,"orthographic":false}